,@                                   *.alpha_mortem,.alpha_mortem@aol.comAnimalAidInc,AnimalAidInc@aol.comAssociatedHumane,AssociatedHumane@aol.comEileenSumpolec,EileenSumpolec@aol.comILnotarypublic,ILnotarypublic@aol.comKchm7,Kchm7@aol.comLanester03,Lanester03@aol.comLauree123,Lauree123@aol.comMNMIH,MNMIH@aol.comMarkSimoneWOR710,MarkSimoneWOR710@aol.comMberk4,Mberk4@aol.comMeekinsinc,Meekinsinc@aol.comPantsuits1947,Pantsuits1947@aol.comRockStarPR,RockStarPR@aol.comTWHoffice,TWHoffice@aol.comTWHtickets,TWHtickets@aol.comTaraLaw,TaraLaw@aol.comToolongse,Toolongse@aol.comVegclass,Vegclass@aol.comWhimsyNYC,WhimsyNYC@aol.comablodge,ablodge@aol.comaccroyalbankscotland,accroyalbankscotland@aol.comadm.unionsecfinc,adm.unionsecfinc@aol.comagent.jeffrycole123,agent.jeffrycole123@aol.comahizoune,ahizoune@aol.comalcondir,alcondir@aol.comangelaaverill,angelaaverill@aol.combcbld,bcbld@aol.combightennis,bightennis@aol.comblackkd,blackkd@aol.comcaptpips,captpips@aol.comcdofanatl1,cdofanatl1@aol.comcdofanatl,cdofanatl@aol.comcincyclosets,cincyclosets@aol.comclcinc,clcinc@aol.comclifmk,clifmk@aol.comcnobles390,cnobles390@aol.comcolumbiainnevents,columbiainnevents@aol.comcookswares,cookswares@aol.comcrzy4dupont24,crzy4dupont24@aol.comdanileo,danileo@aol.comdendew,dendew@aol.comdrawdogart,drawdogart@aol.comdrka111,drka111@aol.comflighty102,flighty102@aol.comfoodwalker,foodwalker@aol.comfscuderi,fscuderi@aol.comgmail.com,gmail.com@aol.comhamijs,hamijs@aol.comhannahbanana776,hannahbanana776@aol.comhelmarhugo,helmarhugo@aol.comhlcoleman,hlcoleman@aol.comhourglass01,hourglass01@aol.cominfocenturyhouse,infocenturyhouse@aol.comiwantanimalmagic,iwantanimalmagic@aol.comjanpan,janpan@aol.comjazzdagen,jazzdagen@aol.comjefftallentz,jefftallentz@aol.comjhahn7575,jhahn7575@aol.comjohn,john@aol.comjtalan3k,jtalan3k@aol.comjudelarz,judelarz@aol.comkeunlv,keunlv@aol.comksiguardson,ksiguardson@aol.comlegonzales,legonzales@aol.comleonior_seven,leonior_seven@aol.comlindahum,lindahum@aol.comlindakass,lindakass@aol.comm.subzero,m.subzero@aol.commark,mark@aol.commarklincoln1,marklincoln1@aol.commastitches,mastitches@aol.commel8813,mel8813@aol.commellowteacher,mellowteacher@aol.commia8758,mia8758@aol.commtevezz,mtevezz@aol.comneopaws,neopaws@aol.comnvrweakly,nvrweakly@aol.compahearn,pahearn@aol.comphonemail.assist,phonemail.assist@aol.comphysiobryan,physiobryan@aol.comprayer911,prayer911@aol.comptpons,ptpons@aol.comqutefaces,qutefaces@aol.comrcmoeur,rcmoeur@aol.comregtqm,regtqm@aol.comrlead44,rlead44@aol.comrmgfitness,rmgfitness@aol.comroch100,roch100@aol.comshereebee,shereebee@aol.comslasr5,slasr5@aol.comsriff999,sriff999@aol.comsubmitbee,submitbee@aol.comsuperjecki,superjecki@aol.comsuzbeachhouse,suzbeachhouse@aol.comswiminc,swiminc@aol.comthadsupreme,thadsupreme@aol.comthedogspotrescue,thedogspotrescue@aol.comthehazzan,thehazzan@aol.comthreemtc,threemtc@aol.comtlee1200,tlee1200@aol.comtomo2l,tomo2l@aol.comvalentineb14,valentineb14@aol.comwenlex,wenlex@aol.comww2daggers,ww2daggers@aol.com